<!DOCTYPE config SYSTEM "/config.dtd" >

<config>
  <!-- REQUIRED (Text): Application Name -->
  <parameter name="applName" value="Claim Reporting System"/>

  <!-- REQUIRED (Integer): Application Inventory ID -->
  <parameter name="applInvId" value="154"/>

  <!-- REQUIRED (Char[3]): Constituent Type Code (Assigned By FndSvcs) -->
  <parameter name="constituentTypeCode" value="PSP"/>

  <!-- REQUIRED (Char[*]): Domain name (Should match id of config file -->
  <parameter name="domain" value="plansponsors"/>

  <!-- REQUIRED (XML): Application Access Rule -->
  <parameter name="appAccessRule">
    <value>
      <![CDATA[
     		<rule>
          <and>
            <hcr>FIM}1918}${ctx}</hcr>
            <or>
              <hcr>FIM}154}${ctx}</hcr>
            </or>
            <group>plansponsoruser</group>
            <custnum>crs}${data}:${ctx}</custnum>  
          </and>
        </rule>
      ]]>
    </value>
  </parameter>

  <!-- OPTIONAL (Text): MyAssistant URL-->
  <!--
    Values are in the form:
      https://domain/path?idvar=##var_id##[other_parms]  or https://domain/path?guidvar=##var_guid##[other_parms]

    Where:
      domain:        Is the domain for each environment (devaetnet.aetna.com, qaaetnet.aetna.com, etc)
      path:          Is the URL path to the application's servlet or JSP.
      idvar:         The parameter name the application uses for Login Id.
      ##var_id##:    Substitution place holder that tells MyAssistant where to put the Login Id.
      guidvar:       The parameter name the application uses for GUID.
      ##var_guid##:  Substitution place holder that tells MyAssistant where to put the GUID.
      [other_parms]: Optional, the application can specify additional name/values pairs if needed.

    Example:
      <value>
        <![CDATA[https://devaetnet.aetna.com/acme/AcmeWeb?memberUserName=##var_id##&serviceName=home&createSession=true]]>
      </value>
  -->
  <!--
  <context name="environment" value="default">
    <parameter name="myAssistantLogonUrl">
      <value>
        <![CDATA[]]>
      </value>
    </parameter>
  </context>

  <context name="environment" value="dev">
    <parameter name="myAssistantLogonUrl">
      <value>
        <![CDATA[]]>
      </value>
    </parameter>
  </context>

  <context name="environment" value="lab">
    <parameter name="myAssistantLogonUrl">
      <value>
        <![CDATA[]]>
      </value>
    </parameter>
  </context>

  <context name="environment" value="qa">
    <parameter name="myAssistantLogonUrl">
      <value>
        <![CDATA[]]>
      </value>
    </parameter>
  </context>

  <context name="environment" value="stress">
    <parameter name="myAssistantLogonUrl">
      <value>
        <![CDATA[]]>
      </value>
    </parameter>
  </context>

  <context name="environment" value="pfix">
    <parameter name="myAssistantLogonUrl">
      <value>
        <![CDATA[]]>
      </value>
    </parameter>
  </context>

  <context name="environment" value="prod">
    <parameter name="myAssistantLogonUrl">
      <value>
        <![CDATA[]]>
      </value>
    </parameter>
  </context>
  -->

</config>
