<!DOCTYPE config SYSTEM "/config.dtd" >

<!--
	NOTE: This file is only here for legacy purposes, when all references of 1234 are changed
		  to 1320 in the DB this file can be renamed.
-->

<config>
  <!-- REQUIRED (Text): Application Name -->
  <parameter name="applName" value="Navigator Secure"/>

  <!-- REQUIRED (Integer): Application Inventory ID -->
  <parameter name="applInvId" value="1234"/>

  <!-- REQUIRED (Char[3]): Constituent Type Code (Assigned By FndSvcs) -->
  <parameter name="constituentTypeCode" value="MEM"/>

  <!-- REQUIRED (Char[*]): Domain name (Should match id of config file -->
  <parameter name="domain" value="members"/>

  <!-- REQUIRED (XML): Application Access Rule -->
  <parameter name="appAccessRule">
    <value>
      <![CDATA[
        <rule>
          <and>
            <hcr>membersubscriber1</hcr>
            <buscat>USHC}MEMBER</buscat>
            <or>
              <and>
                <custnum borid="true">srmem}${data}</custnum>
                <custnum borid="true">hmo}${data}</custnum>
              </and>
              <and>
                <custnum borid="true">npmem}${data}</custnum>
                <custnum borid="true">nphmo}${data}</custnum>
              </and>
            </or>
          </and>
        </rule>
      ]]>
    </value>
  </parameter>

  <!-- OPTIONAL (XML): Legacy Application Access Rule -->
  <!--
  <parameter name="legacyAppAccessRule">
    <value>
      <![CDATA[
        <rule>
        </rule>
      ]]>
    </value>
  </parameter>
  -->

  <!-- OPTIONAL (Array: Char[9], ALPHANUM[30], Text): Access Restriction Groups -->
  <!--
    Values are in the form:
      name, hcr, desc

    Where:
      name: The name of the restriction group.
      hcr: The healthcare role a user must have to access this group.
      desc: A description of the restriction; displayed in MyAssistant.

    Example:
      <value>AETNAEE,aetcspemp,Aetna Employee Confidentiality Block</value>
  -->
  <parameter name="AccessRestrGrpNames">
    <value>AETNAEE,aetcspemp,Aetna Employee Confidentiality Block</value>
  </parameter>

  <parameter name="ReportGroupingNameLabel" value="Plan Sponsor Unique Id"/>

  <!-- OPTIONAL (Text): MyAssistant URL-->
  <!--
    Values are in the form:
      https://domain/path?idvar=##var_id##[other_parms]  or https://domain/path?guidvar=##var_guid##[other_parms]

    Where:
      domain:        Is the domain for each environment (devaetnet.aetna.com, qaaetnet.aetna.com, etc)
      path:          Is the URL path to the application's servlet or JSP.
      idvar:         The parameter name the application uses for Login Id.
      ##var_id##:    Substitution place holder that tells MyAssistant where to put the Login Id.
      guidvar:       The parameter name the application uses for GUID.
      ##var_guid##:  Substitution place holder that tells MyAssistant where to put the GUID.
      [other_parms]: Optional, the application can specify additional name/values pairs if needed.

    Example:
      <value>
        <![CDATA[https://devaetnet.aetna.com/acme/AcmeWeb?memberUserName=##var_id##&createSession=true]]>
      </value>
  -->
  <context name="environment" value="default">
    <parameter name="myAssistantLogonUrl">
      <value>
        <![CDATA[https://dev3member.aetna.com/MbrLanding/RoutingServlet?memberUserName=##var_id##&createSession=true]]>
      </value>
    </parameter>
  </context>

  <context name="environment" value="dev">
    <parameter name="myAssistantLogonUrl">
      <value>
        <![CDATA[https://dev3member.aetna.com/MbrLanding/RoutingServlet?memberUserName=##var_id##&createSession=true]]>
      </value>
    </parameter>
  </context>
  
  <context name="environment" value="dev2">
    <parameter name="myAssistantLogonUrl">
      <value>
        <![CDATA[https://dev3member.aetna.com/MbrLanding/RoutingServlet?memberUserName=##var_id##&createSession=true]]>
      </value>
    </parameter>
  </context>
  
  <context name="environment" value="dev3">
    <parameter name="myAssistantLogonUrl">
      <value>
        <![CDATA[https://dev3member.aetna.com/MbrLanding/RoutingServlet?memberUserName=##var_id##&createSession=true]]>
      </value>
    </parameter>
  </context>

  <context name="environment" value="lab">
    <parameter name="myAssistantLogonUrl">
      <value>
        <![CDATA[https://labinternal.aetna.com/MbrLanding/RoutingServlet?memberUserName=##var_id##&createSession=true]]>
      </value>
    </parameter>
  </context>

  <context name="environment" value="qa">
    <parameter name="myAssistantLogonUrl">
      <value>
        <![CDATA[https://qa3member.aetna.com/MbrLanding/RoutingServlet?memberUserName=##var_id##&createSession=true]]>
      </value>
    </parameter>
  </context>
  
  <context name="environment" value="qa2">
    <parameter name="myAssistantLogonUrl">
      <value>
        <![CDATA[https://qamember.aetna.com/MbrLanding/RoutingServlet?memberUserName=##var_id##&createSession=true]]>
      </value>
    </parameter>
  </context>  

  <context name="environment" value="qa3">
    <parameter name="myAssistantLogonUrl">
      <value>
        <![CDATA[https://qamember.aetna.com/MbrLanding/RoutingServlet?memberUserName=##var_id##&createSession=true]]>
      </value>
    </parameter>
  </context>
  
  <context name="environment" value="stress">
    <parameter name="myAssistantLogonUrl">
      <value>
        <![CDATA[https://str2member.aetna.com/MbrLanding/RoutingServlet?memberUserName=##var_id##&createSession=true]]>
      </value>
    </parameter>
  </context>

  <context name="environment" value="pfix">
    <parameter name="myAssistantLogonUrl">
      <value>
        <![CDATA[https://pfixmember.aetna.com/MbrLanding/RoutingServlet?memberUserName=##var_id##&createSession=true]]>
      </value>
    </parameter>
  </context>

  <context name="environment" value="prod">
    <parameter name="myAssistantLogonUrl">
      <value>
        <![CDATA[https://member.aetna.com/MbrLanding/RoutingServlet?memberUserName=##var_id##&createSession=true]]>
      </value>
    </parameter>
  </context>

</config>
