<!DOCTYPE config SYSTEM "/config.dtd" >
<config>
 
<!-- To add a new constituent, 
     1.) add a value entry into the "Types" array below.         
         position the entry in the array so that the constituents "full name" (see below) will appear in 
         the batch statistics report alphabetically.
         Note: The order of the entries in the batch statistics report will be based 
               on the order of the entries in the Types array.
     
     2.) create a new parameter block as follows: 
     
        <parameter name="[the type that was entered into the Types Array - upper case]">
             <value>[ the letter code that will appear in col 9 of the mainframe output data file]</value>
             <value>[ the "full name" of the constituent - will appear in the batch statistics report</value>
        </parameter>
 
-->

 <parameter name="Types">
        <value>EZL</value>
        <value>GLF</value>
        <value>ICH</value>
        <value>MEM</value>
        <value>PRD</value>
        <value>PPC</value>
        <value>PRV</value>
        <value>TST</value>
    </parameter>
    
    
    <parameter name="PRV">
        <value>P</value>
        <value>Provider</value>
    </parameter>
    <parameter name="MEM">
        <value>M</value>
        <value>Member</value>
    </parameter>
    <parameter name="PRD">
        <value>R</value>
        <value>Producer</value>
    </parameter>
    <parameter name="EZL">
        <value>Z</value>
        <value>EZLink</value>
    </parameter>
    <parameter name="GLF">
        <value>G</value>
        <value>Group Life</value>
    </parameter>
    <parameter name="PPC">
        <value>R</value>
        <value>Producer Principal Confirmation</value>
    </parameter>
    <parameter name="ICH">
        <value>I</value>
        <value>iChoose</value>
    </parameter>
    <parameter name="TST">
        <value>T</value>
        <value>FS Test</value>
    </parameter>




    <parameter name="TOT">
        <value>?</value>
        <value>Total Number of Registrations</value>
    </parameter>



</config>
