<!DOCTYPE config SYSTEM "/config.dtd" >

<config>
  <!-- REQUIRED (Text): Application Name -->
  <parameter name="applName" value="ASH"/>

  <!-- REQUIRED (Integer): Application Inventory ID -->
  <parameter name="applInvId" value="2591"/>

  <!-- REQUIRED (Char[3]): Constituent Type Code (Assigned By FndSvcs) -->
  <parameter name="constituentTypeCode" value="ASH"/>


  <!-- 
    REQUIRED (Text, Char[1]): The Directory OUs (relative to ou=external) where the Application has access to Registration 
                     Accounts.

    Values are in the form:
      ou_name,permission

    Where:
      ou_name:    The directory OU the permissions will apply to.
      permission: One of D (Delete), C (Create), U (Update), or R (Read).  
                    Note that:
                      D implies C, U, and R
                      C implies U and R
                      U implies R

    Example:
      <value>ou=someou,C</value>
  -->
  <parameter name="ouAccessRegAccts">
    <value>ou=plansponsors,c</value>
  </parameter>


  <!-- 
    OPTIONAL (Text, Char[1]): The Directory OUs (relative to ou=external) where the Application has access to 
                              NON-Registration Accounts.

    Values are in the form:
      ou_name,permission

    Where:
      ou_name:    The directory OU the permissions will apply to.
      permission: Either U (Update) or R (Read)
                    Note that:
                      U implies R

    Example:
      <value>ou=someou,R</value>
  -->
  <parameter name="ouAccessNonRegAccts">
    <value>ou=plansponsors,u</value>
  </parameter>

  <!-- OPTIONAL (Array: ALPHANUM[30]): Healthcare Role prefixes that can be used by the Application -->
  <parameter name="hcrPrefixes">
    <value>FIM}2591}</value>
  </parameter>

  <!-- OPTIONAL (Array: ALPHANUM[40]): Source ID prefixes that can be used by the Application -->
  <parameter name="sidPrefixes">
    <value>eswbf}</value>
  </parameter>
  <!-- OPTIONAL (Text): MyAssistant URL-->
  <!--
    Values are in the form:
      https://domain/path?idvar=##var_id##[other_parms]  or https://domain/path?guidvar=##var_guid##[other_parms]

    Where:
      domain:        Is the domain for each environment (devaetnet.aetna.com, qaaetnet.aetna.com, etc)
      path:          Is the URL path to the application's servlet or JSP.
      idvar:         The parameter name the application uses for Login Id.
      ##var_id##:    Substitution place holder that tells MyAssistant where to put the Login Id.
      guidvar:       The parameter name the application uses for GUID.
      ##var_guid##:  Substitution place holder that tells MyAssistant where to put the GUID.
      [other_parms]: Optional, the application can specify additional name/values pairs if needed.

    Example:
      <value>
        <![CDATA[https://devaetnet.aetna.com/acme/AcmeWeb?memberUserName=##var_id##&serviceName=home&createSession=true]]>
      </value>
  -->
  <!--
  <context name="environment" value="default">
    <parameter name="myAssistantLogonUrl">
      <value>
        <![CDATA[]]>
      </value>
    </parameter>
  </context>

  <context name="environment" value="dev">
    <parameter name="myAssistantLogonUrl">
      <value>
        <![CDATA[]]>
      </value>
    </parameter>
  </context>

  <context name="environment" value="lab">
    <parameter name="myAssistantLogonUrl">
      <value>
        <![CDATA[]]>
      </value>
    </parameter>
  </context>

  <context name="environment" value="qa">
    <parameter name="myAssistantLogonUrl">
      <value>
        <![CDATA[]]>
      </value>
    </parameter>
  </context>

  <context name="environment" value="stress">
    <parameter name="myAssistantLogonUrl">
      <value>
        <![CDATA[]]>
      </value>
    </parameter>
  </context>

  <context name="environment" value="pfix">
    <parameter name="myAssistantLogonUrl">
      <value>
        <![CDATA[]]>
      </value>
    </parameter>
  </context>

  <context name="environment" value="prod">
    <parameter name="myAssistantLogonUrl">
      <value>
        <![CDATA[]]>
      </value>
    </parameter>
  </context>
  -->

</config>