<!DOCTYPE config SYSTEM "/config.dtd" >

<config>
  <!-- REQUIRED (Text): Application Name -->
  <parameter name="applName" value="Sales Web SSL"/>

  <!-- REQUIRED (Integer): Application Inventory ID -->
  <parameter name="applInvId" value="891"/>

  <!-- REQUIRED (Char[3]): Constituent Type Code (Assigned By FndSvcs) -->
  <parameter name="constituentTypeCode" value="SWS"/>

  <!-- OPTIONAL (Unless reqRegEventTypeCodes is set) (Char[3]): Event Application Code -->

  <parameter name="eventApplCode" value="SWS"/>

  <!-- OPTIONAL (Unless eventApplCode is set) (Array: Char[9]): Registration Event Types Codes to publish -->
  <parameter name="reqRegEventTypeCodes">
    <!--
    <value>CHGCHLINFO</value>
    <value>CHGDOB</value>
    <value>CHGEMAIL</value>
    <value>CHGLANGPRF</value>
    <value>CHGLOGINID</value>
    <value>CHGNAME</value>
    <value>DELETED</value>
    <value>DISABLED</value>
    <value>ENABLED</value>
    <value>GENCHGPWD</value>
    <value>GENFGTPWD</value>
    <value>REGCHGPWD</value>
    <value>REGFGTPWD</value>
    <value>REGSTP1</value>
    <value>REGSTP2</value>
    -->
    <value>APPACCADD</value>
    <value>APPACCREM</value>
    <!--
    <value>APPACCDIS</value>
    <value>APPACCENA</value>
		-->
  </parameter>

  <!-- 
    REQUIRED (Text, Char[1]): The Directory OUs (relative to ou=external) where the Application has access to Registration 
                     Accounts.

    Values are in the form:
      ou_name,permission

    Where:
      ou_name:    The directory OU the permissions will apply to.
      permission: One of D (Delete), C (Create), U (Update), or R (Read).  
                    Note that:
                      D implies C, U, and R
                      C implies U and R
                      U implies R

    Example:
      <value>ou=someou,C</value>
  -->
  <parameter name="ouAccessRegAccts">
    <value>ou=brokers,u</value>
  </parameter>

  <!-- 
    OPTIONAL (Unless level0GraduateOU is set) (Text): The Directory OU (relative to ou=external) where the Application's Level 0 
                                                      (Self-Identified) user accounts are created.
                        
                                                      NOTE: If provided, the OU must also be listed in ouAccessRegAccts. 

    Value in in the form:
      ou_name

    Where:
      ou_name:    The directory OU where the Level 0 account will be created.

    Example:
      <value>ou=someou,ou=level0</value>
  -->
  <!--
  <parameter name="level0OU">
  	<value=>???</value>
  </parameter>
  -->
  
  <!-- 
    OPTIONAL (Unless level0OU is set) (Text): The Directory OUs (relative to ou=external) where a Level 0 account is moved when it 
                                              graduates to a Level 2 (becomes Strongly Vetted).
                        
                                              NOTE: If provided, the OU must also be listed in ouAccessRegAccts. 

    Value in in the form:
      ou_name

    Where:
      ou_name:    The directory OU where the account will be moved to.

    Example:
      <value>ou=someou</value>
  -->
  <!--
  <parameter name="level0GraduateOU">
  	<value=>???</value>
  </parameter>
  -->
  
  <!-- 
    OPTIONAL (Text, Char[1]): The Directory OUs (relative to ou=external) where the Application has access to 
                              NON-Registration Accounts.

    Values are in the form:
      ou_name,permission

    Where:
      ou_name:    The directory OU the permissions will apply to.
      permission: Either U (Update) or R (Read)
                    Note that:
                      U implies R

    Example:
      <value>ou=someou,R</value>
  -->
  <!--
  <parameter name="ouAccessNonRegAccts">
    <value>brokers,r</value>
  </parameter>
  -->

  <!-- OPTIONAL (Array: ALPHANUM[30]): Healthcare Role prefixes that can be used by the Application -->
  <!--
  <parameter name="hcrPrefixes">
    <value>???</value>
  </parameter>
  -->

  <!-- OPTIONAL (Array: ALPHANUM[40]): Source ID prefixes that can be used by the Application -->
  <parameter name="sidPrefixes">
    <value>xprod}sid}</value>
  </parameter>

  <!-- OPTIONAL (Array: ALPHANUM[100]): Application Data prefixes that can be used by the Application -->
  <!--
  <parameter name="adPrefixes">
    <value>???</value>
  </parameter>
  -->

  <!-- 
    OPTIONAL (Array: Char[9], ALPHANUM[30], Text): Access Restriction Groups.

    Values are in the form:
      name, hcr, desc

    Where:
      name: The name of the restriction group.
      hcr: The healthcare role a user must have to access this group.
      desc: A description of the restriction; displayed in MyAssistant.

    Example:
      <value>AETNAEE,aetcspemp,Aetna Employee Confidentiality Block</value>
  -->
  <!--
  <parameter name="AccessRestrGrpNames">
    <value>???,???,???</value>
  </parameter>
  -->

  <!-- 
    OPTIONAL (Boolean): Notify User of Security Change (not currently used).

    Whether or not a user should receive an Email indicating a security related change (password, login id, etc) was made to their
    account.  Defaults to false if not proivded.  It is used when the Application has not specified one in its call to the services.

    NOTE: If true, notifyUserSecChgTemplateCode must be provided; see below.
  -->
  <parameter name="notifyUserSecChg" value="false"/>

  <!-- 
    OPTIONAL (Unless notifyUserSecChg is true) (ALPHANUM[5]): The Email template to use when notifying the user of a change to 
                                                              their account.
  -->
  <!--
  <parameter name="notifyUserSecChgTemplateCode" value="???"/>
  -->

  <!-- OPTIONAL (Text): Data labels

    Language overrides are defined by adding .<iso-2 lang cd> after the label name.  For example:
      <parameter name="ExampleLabel.es" value="Hola mundo!"/>

       &iquest; = &#191; = Inverted question mark
       &eacute; = &#233; = e with ' over it
       &iacute; = &#237; = i with ' over it
       &ntilde; = &#241; = n with ~ over it
       &ograve; = &#242; = o with ` over it
       &oacute; = &#243; = o with ' over it
       &uacute; = &#250; = u with ' over it
  -->
  <!--
  <parameter name="PrimaryIdLabel" value="???"/>
  <parameter name="PrimaryIdLabel.es" value="???"/>
  <parameter name="SecondaryIdLabel" value="???"/>
  <parameter name="SecondaryIdLabel.es" value="???"/>

  <parameter name="ReportGroupingNameLabel" value="???"/>
  -->

  <!-- OPTIONAL (Text): MyAssistant URL

    Values are in the form:
      https://domain/path?idvar=##var_id##[other_parms]  or https://domain/path?guidvar=##var_guid##[other_parms]

    Where:
      domain:        Is the domain for each environment (devaetnet.aetna.com, qaaetnet.aetna.com, etc)
      path:          Is the URL path to the application's servlet or JSP.
      idvar:         The parameter name the application uses for Login Id.
      ##var_id##:    Substitution place holder that tells MyAssistant where to put the Login Id.
      guidvar:       The parameter name the application uses for GUID.
      ##var_guid##:  Substitution place holder that tells MyAssistant where to put the GUID.
      [other_parms]: Optional, the application can specify additional name/values pairs if needed.

    Example:
      <value>
        <![CDATA[https://devaetnet.aetna.com/acme/AcmeWeb?memberUserName=##var_id##&serviceName=home&createSession=true]]>
      </value>
  -->
  <!--
  <context name="environment" value="default">
    <parameter name="myAssistantLogonUrl">
      <value>
        <![CDATA[https://dev3www.aetna.com/producer/Login.do?userName=##var_id##&destination=home&createSession=true]]>
      </value>
    </parameter>
  </context>

  <context name="environment" value="dev">
    <parameter name="myAssistantLogonUrl">
      <value>
        <![CDATA[https://dev3www.aetna.com/producer/Login.do?userName=##var_id##&destination=home&createSession=true]]>
      </value>
    </parameter>
  </context>

  <context name="environment" value="lab">
    <parameter name="myAssistantLogonUrl">
      <value>
        <![CDATA[]]>
      </value>
    </parameter>
  </context>

  <context name="environment" value="qa">
    <parameter name="myAssistantLogonUrl">
      <value>
        <![CDATA[https://qa3www.aetna.com/producer/Login.do?userName=##var_id##&destination=home&createSession=true]]>
      </value>
    </parameter>
  </context>

  <context name="environment" value="stress">
    <parameter name="myAssistantLogonUrl">
      <value>
        <![CDATA[]]>
      </value>
    </parameter>
  </context>

  <context name="environment" value="pfix">
    <parameter name="myAssistantLogonUrl">
      <value>
        <![CDATA[]]>
      </value>
    </parameter>
  </context>

  <context name="environment" value="prod">
    <parameter name="myAssistantLogonUrl">
      <value>
        <![CDATA[https://www.aetna.com/producer/Login.do?userName=##var_id##&destination=home&createSession=true]]>
      </value>
    </parameter>
  </context>
  -->

</config>
